<?xml version="1.0"?>
<!DOCTYPE module PUBLIC
          "-//Checkstyle//DTD Checkstyle Configuration 1.3//EN"
          "https://checkstyle.org/dtds/configuration_1_3.dtd">

<module name="Checker">
    <module name="TreeWalker">
        <module name="AvoidStarImport"/>
        <module name="NeedBraces"/>
        <module name="EmptyBlock"/>
        <module name="LeftCurly"/>
        <module name="RightCurly"/>
        <module name="AvoidNestedBlocks"/>
        <module name="EmptyLineSeparator">
            <property name="allowNoEmptyLineBetweenFields" value="true"/>
        </module>
        <module name="SeparatorWrap">
            <property name="option" value="nl"/>
            <property name="tokens" value="DOT"/>
        </module>
        <module name="SeparatorWrap">
            <property name="option" value="eol"/>
            <property name="tokens" value="COMMA"/>
        </module>
        <module name="PackageName">
            <property name="format" value="^[a-z]+(\.[a-z][a-z0-9]*)*$"/>
        </module>
        <module name="TypeName">
            <property name="format" value="^[A-Z][a-zA-Z0-9]*$"/>
        </module>
        <module name="ConstantName">
            <property name="format" value="^[A-Z][A-Z0-9]*(_[A-Z0-9]+)*$"/>
        </module>
        <module name="LocalFinalVariableName">
            <property name="format" value="^[a-z][a-zA-Z0-9]*$"/>
        </module>
        <module name="LocalVariableName">
            <property name="format" value="^[a-z][a-zA-Z0-9]*$"/>
        </module>
        <module name="MemberName">
            <property name="format" value="^[a-z][a-zA-Z0-9]*$"/>
        </module>
        <module name="MethodName">
            <property name="format" value="^[a-z][a-zA-Z0-9]*$"/>
        </module>
        <module name="ParameterName">
            <property name="format" value="^[a-z][a-zA-Z0-9]*$"/>
        </module>
        <module name="CatchParameterName">
            <property name="format" value="^[a-z][a-zA-Z0-9]*$"/>
        </module>
        <module name="ClassTypeParameterName">
            <property name="format" value="^[A-Z]$"/>
        </module>
        <module name="MethodTypeParameterName">
            <property name="format" value="^[A-Z]$"/>
        </module>
        <module name="InterfaceTypeParameterName">
            <property name="format" value="^[A-Z]$"/>
        </module>
    </module>
    <module name="LineLength">
        <property name="max" value="120"/>
        <property name="ignorePattern" value="^package.*|^import.*|a href|href|http://|https://|ftp://"/>
    </module>
</module>